{
  "project_info": {
    "project_number": "<PROJECT_NO>",
    "firebase_url": "<FIREBASE_URL>",
    "project_id": "<PROJECT_ID>",
    "storage_bucket": "<PROJECT_BUCKET>"
  },
  "client": [
    {
      "client_info": {
        "mobilesdk_app_id": "<APP_ID>",
        "android_client_info": {
          "package_name": "com.example.disastron"
        }
      },
      "oauth_client": [
        {
          "client_id": "820656245864-dsit6kled40n1th38r9oset36hk9pc8p.apps.googleusercontent.com",
          "client_type": 3
        }
      ],
      "api_key": [
        {
          "current_key": "<API_KEY>"
        }
      ],
      "services": {
        "appinvite_service": {
          "other_platform_oauth_client": [
            {
              "client_id": "820656245864-dsit6kled40n1th38r9oset36hk9pc8p.apps.googleusercontent.com",
              "client_type": 3
            }
          ]
        }
      }
    }
  ],
  "configuration_version": "1"
}
